league_538,team_538,id_opta,is_exact
Argentina Primera Division,Argentinos Juniors,7tev5pifn8hdy4vlts0coha1b,TRUE
Argentina Primera Division,Arsenal Sarandi,ancihw39hzlr6vjfgl8jsihe1,FALSE
Argentina Primera Division,Atlético Tucumán,6u0o1i04y2mnw2avru97sn970,TRUE
Argentina Primera Division,Banfield,3lbqswe4h5wyrayjt580zmujx,TRUE
Argentina Primera Division,Barracas Central,8bh6iyg42ta2y8mgkkgd2hy6o,TRUE
Argentina Primera Division,Belgrano Cordoba,2biw4all5ru5xiorgyqbevwr1,FALSE
Argentina Primera Division,Boca Juniors,ciqt22ivoc48zj62detdyh1mm,TRUE
Argentina Primera Division,CA Independiente,ag3u5yhvyaxwtebl9xp5e2vaa,FALSE
Argentina Primera Division,Central Córdoba Santiago del Estero,1x5i9dl7uyrh5o2th8ore61e6,FALSE
Argentina Primera Division,Colon Santa Fe,64a7qygl90q6k3319f29fwduo,FALSE
Argentina Primera Division,Defensa y Justicia,1n4ioqcbh1hemy9ezzu6v86n7,TRUE
Argentina Primera Division,Estudiantes,91j32z6ga16tjj140ss2i24mt,TRUE
Argentina Primera Division,Gimnasia La Plata,1rio0xlpk4s2ttmchsqjs6eik,TRUE
Argentina Primera Division,Godoy Cruz,1we2nqwg18sjn6cevduuapbkf,TRUE
Argentina Primera Division,Huracán,3rw8ouixzsh3x8dgy8ifev925,TRUE
Argentina Primera Division,Instituto,2zjoq67ogz8lmaoesxkubxhp6,TRUE
Argentina Primera Division,Lanus,19ij50t7wklqr3w2bye5r7tp4,TRUE
Argentina Primera Division,Newell's Old Boys,3oj3koph7uf63y1f9zr8r7ylo,TRUE
Argentina Primera Division,Platense,d08q2rnrt7mss1axbuu595tyu,FALSE
Argentina Primera Division,Racing Club,39acfbxikh52o6y9opfb0q0nb,TRUE
Argentina Primera Division,River Plate,115foion8jwrvp2e7xif675kx,FALSE
Argentina Primera Division,Rosario Central,e8ma1lonj51sqmwy00mwnw1ke,TRUE
Argentina Primera Division,San Lorenzo,2sciofe2reang4qdncm1bihgr,TRUE
Argentina Primera Division,Sarmiento,1tsjuhn8qeikaj837w2ybx77n,TRUE
Argentina Primera Division,Talleres de Córdoba,ajeh0pq7dtphe0btz4wc4xb0g,TRUE
Argentina Primera Division,Tigre,cs3122cdx3g2nviltzfilmz5c,TRUE
Argentina Primera Division,Union Santa Fe,5o5wtxn03ktvxcdrpxht5aqdp,FALSE
Argentina Primera Division,Velez Sarsfield,a3kgi895b7b3ecfzmoyxbw2pl,TRUE
Australian A-League,Adelaide United,6lezh5aazy0xca1800e5dqxwl,TRUE
Australian A-League,Brisbane Roar,v046no35g7ebk8lytdjmfb43,TRUE
Australian A-League,Central Coast Mariners,c4ygb6mnh53kpl2mpxe52l8jw,TRUE
Australian A-League,Macarthur FC,7jv344gvcvgqg7oeuc9u554dm,FALSE
Australian A-League,Melbourne City,c33jm806py6adse5wv9wx6ch1,TRUE
Australian A-League,Melbourne Victory,9xmhnv6im8h7c9e17oqvcx8gl,TRUE
Australian A-League,Newcastle Jets,chu9blh367xs3yumct5tqto2q,TRUE
Australian A-League,Perth Glory,cuj4qahgk4idsme4dg8clk6gw,TRUE
Australian A-League,Sydney FC,38ui5tfi8anjuh533emny2tz1,FALSE
Australian A-League,Wellington Phoenix,6j4xzc2g1eeafo6v1f38d4x22,TRUE
Australian A-League,Western Sydney FC,6h553bwfqkoxayuv80uikkn42,FALSE
Australian A-League,Western United,7p460lrzt1kmp4rsofqa47eqy,TRUE
Austrian T-Mobile Bundesliga,Austria Lustenau,9ws0f9wf5r8mdigwo0xpzv06v,TRUE
Austrian T-Mobile Bundesliga,Cashpoint SC Rheindorf Altach,3lcvs7iiylixau81d0lruwsak,FALSE
Austrian T-Mobile Bundesliga,FC Salzburg,bonj6qc7po4anunhydmjmi6g5,FALSE
Austrian T-Mobile Bundesliga,FK Austria Vienna,84gk4ytf9vr8oml51cqyit78w,FALSE
Austrian T-Mobile Bundesliga,Hartberg,1vli32f09v65mc3vc6yh34z9f,TRUE
Austrian T-Mobile Bundesliga,LASK Linz,boxkkgnpn38ywao4kzu7dx58h,FALSE
Austrian T-Mobile Bundesliga,Rapid Vienna,eljjik2vvlpy6d649mgwwivam,FALSE
Austrian T-Mobile Bundesliga,SK Austria Klagenfurt,8fw92w95mzdtzm4vxhsglfopu,FALSE
Austrian T-Mobile Bundesliga,SK Sturm Graz,4lauow63npvttmvxgh2koqb0r,FALSE
Austrian T-Mobile Bundesliga,SV Ried,do3l4dhs0ooog6se728jxc06z,FALSE
Austrian T-Mobile Bundesliga,WSG Swarovski Wattens,7uh2y9tk3j8dk6zinfu38pygi,FALSE
Austrian T-Mobile Bundesliga,Wolfsberger AC,9pn4d8sj6pmqidrhhlvev437k,TRUE
Barclays Premier League,AFC Bournemouth,1pse9ta7a45pi2w2grjim70ge,TRUE
Barclays Premier League,Arsenal,4dsgumo7d4zupm2ugsvm4zm4d,FALSE
Barclays Premier League,Aston Villa,b496gs285it6bheuikox6z9mj,FALSE
Barclays Premier League,Brentford,7yx5dqhhphyvfisohikodajhv,TRUE
Barclays Premier League,Brighton and Hove Albion,e5p0ehyguld7egzhiedpdnc3w,TRUE
Barclays Premier League,Chelsea,9q0arba2kbnywth8bkxlhgmdr,TRUE
Barclays Premier League,Crystal Palace,1c8m2ko0wxq1asfkuykurdr0y,TRUE
Barclays Premier League,Everton,ehd2iemqmschhj2ec0vayztzz,FALSE
Barclays Premier League,Fulham,hzqh7z0mdl3v7gwete66syxp,TRUE
Barclays Premier League,Leeds United,48gk2hpqtsl6p9sx9kjhaydq4,TRUE
Barclays Premier League,Leicester City,avxknfz4f6ob0rv9dbnxdzde0,TRUE
Barclays Premier League,Liverpool,c8h9bw1l82s06h77xxrelzhur,FALSE
Barclays Premier League,Manchester City,a3nyxabgsqlnqfkeg41m6tnpp,TRUE
Barclays Premier League,Manchester United,6eqit8ye8aomdsrrq0hk3v7gh,TRUE
Barclays Premier League,Newcastle,7vn2i2kd35zuetw6b38gw9jsz,FALSE
Barclays Premier League,Nottingham Forest,1qtaiy11gswx327s0vkibf70n,TRUE
Barclays Premier League,Southampton,d5ydtvt96bv7fq04yqm2w2632,TRUE
Barclays Premier League,Tottenham Hotspur,22doj4sgsocqpxw45h607udje,TRUE
Barclays Premier League,West Ham United,4txjdaqveermfryvbfrr4taf7,TRUE
Barclays Premier League,Wolverhampton,b9si1jn1lfxfund69e9ogcu2n,FALSE
Belgian Jupiler League,Anderlecht,6vyr13j6kbwdtxjwm1m4m8nu2,TRUE
Belgian Jupiler League,Antwerp,7zibyotq1x1hq6pmgibhr0e6s,TRUE
Belgian Jupiler League,Cercle Brugge,3ix9om1svhd6obl0mbk1otgop,TRUE
Belgian Jupiler League,Club Brugge,1oyb7oym5nwzny8vxf03szd2h,TRUE
Belgian Jupiler League,Eupen,9njsy633rh1tyri7l2jaju5o,TRUE
Belgian Jupiler League,Genk,89xivtxk59uzvhdsd6miao6tm,TRUE
Belgian Jupiler League,KAA Gent,8y3iucyxguipljcmf87a11bk9,FALSE
Belgian Jupiler League,KV Kortrijk,1uk609mhtsfhokhaewjapb26,FALSE
Belgian Jupiler League,KV Mechelen,b7jmo07lqav0wfe2mtlzyspak,FALSE
Belgian Jupiler League,KV Oostende,2b57rbw94i9ohnbch52owvqtq,TRUE
Belgian Jupiler League,KVC Westerlo,2nhn3ikl1ciq34w3hcp883d6p,FALSE
Belgian Jupiler League,OH Leuven,bw9wm8pqfzcchumhiwdt2w15c,TRUE
Belgian Jupiler League,RFC Seraing,jb4xejoxjfk5a0a50bo8hvst,TRUE
Belgian Jupiler League,SV Zulte Waregem,547zzwqbiugzphhnrhj3z5k5i,FALSE
Belgian Jupiler League,Sporting de Charleroi,920raeoumft3q2wmvc296uceo,FALSE
Belgian Jupiler League,St. Truidense,2989v3kho9h5jaboe1nr7lx21,FALSE
Belgian Jupiler League,Standard Liege,5z1b7fuvpqe6vnigvopomvecu,TRUE
Belgian Jupiler League,Union Saint Gilloise,ecj1gmc7pqcjo4sc9hvghj5u3,TRUE
Brasileiro Série A,América Mineiro,d0tpuy1w8ckf8iiea01t1aob5,TRUE
Brasileiro Série A,Atletico Mineiro,1f6qzkdjh8fih5ii1eyqmkolq,TRUE
Brasileiro Série A,Atlético Paranaense,5h3amvo8ykt01u4h3upw3c5qf,FALSE
Brasileiro Série A,Bahía,e93fgat6j6g86zqul1m3m2kpn,TRUE
Brasileiro Série A,Botafogo,2x94b2pn1o1tb5l1bbu8x9yu9,FALSE
Brasileiro Série A,Bragantino,4ayjm36vlnc5j8jhwpsdwxuph,FALSE
Brasileiro Série A,Corinthians,f0td6lvs326lppbwh1fj8v2ls,TRUE
Brasileiro Série A,Coritiba,ewfcgj6z5nzaswg3n2qwtmut8,TRUE
Brasileiro Série A,Cruzeiro,bd6vujl7jfv4wtc8gvo1o1t5y,TRUE
Brasileiro Série A,Cuiaba,3oau1zwakraexd8ej8xvtlaqo,TRUE
Brasileiro Série A,Flamengo,102ykb145wz6dtveg65nistwm,TRUE
Brasileiro Série A,Fluminense,2ldx5vhhqfz2rllkgp7wpa744,TRUE
Brasileiro Série A,Fortaleza,1vvaya787s5wg5geudzacya7m,TRUE
Brasileiro Série A,Goiás,5umkgpd22oex45aoco3wqgddl,TRUE
Brasileiro Série A,Grêmio,1yd80wg4djlmtgkei51x0x4t6,TRUE
Brasileiro Série A,Internacional,c7n1isjmpyqt5pj51yekr08wo,TRUE
Brasileiro Série A,Palmeiras,b9d2xcvxxcwplyp4le9ulnlv9,TRUE
Brasileiro Série A,Santos,1icvp50kgaw8oduqmhyt3iex0,FALSE
Brasileiro Série A,São Paulo,5p301ikmaba9gesscss3zo745,TRUE
Brasileiro Série A,Vasco da Gama,5ponlslulpugdlvd93n9yqu2b,TRUE
Chinese Super League,Beijing Guoan,exq7je02eprk5fcre1uo9zwbi,TRUE
Chinese Super League,Chongqing Lifan,,FALSE
Chinese Super League,Dalian Aerbin,817smfh7hpkm40ohdtpt5cong,FALSE
Chinese Super League,Guangzhou Evergrande,5qzr4s22not88tidy4qa8yu39,FALSE
Chinese Super League,Guangzhou RF,44o0qswun6dqu7chur7qe6kbd,FALSE
Chinese Super League,Guizhou Renhe,,FALSE
Chinese Super League,Hebei China Fortune FC,27r7zh6myhtrd70r3migcw4k0,FALSE
Chinese Super League,Henan Jianye,1eaept8dld85s894brcrkrq5p,FALSE
Chinese Super League,Jiangsu Suning FC,,FALSE
Chinese Super League,Shandong Luneng,7fqhid43axyzp47bihoqhqdbf,FALSE
Chinese Super League,Shanghai Greenland,cvx4yvx5oby9dz7vm70mw04um,FALSE
Chinese Super League,Shanghai SIPG,5x5hvs5xtbbh8b0zg5ehyyudv,FALSE
Chinese Super League,Shenzhen FC,cqgjh5ddgqg6xo7xuqcz5ixni,FALSE
Chinese Super League,Tianjin Quanujian,,FALSE
Chinese Super League,Tianjin Teda,,FALSE
Chinese Super League,Wuhan Zall,9fjc0s8urhe984ih9i8r7v494,FALSE
Danish SAS-Ligaen,AC Horsens,a9vw7ikerpr4cuweeeka5aneg,FALSE
Danish SAS-Ligaen,AGF Aarhus,5rz9enoyknpg8ji78za5b82p0,FALSE
Danish SAS-Ligaen,AaB,36g6ifzjliec1jqnbtf7yesme,TRUE
Danish SAS-Ligaen,Brondby,9qsmopgutr7ut5g6workk8w4i,TRUE
Danish SAS-Ligaen,FC Copenhagen,b3r6d8ydtmtjckam6pku9y400,FALSE
Danish SAS-Ligaen,FC Midtjylland,59as3grjvj19voay31j3yfgni,FALSE
Danish SAS-Ligaen,FC Nordsjaelland,77tfx9me4aaqhzv78bmgsy9bg,FALSE
Danish SAS-Ligaen,Lyngby,anga7587r1zv4ey71ge9zxol3,TRUE
Danish SAS-Ligaen,Odense BK,dbl7ir1qugqz8nvp1vzn8im50,FALSE
Danish SAS-Ligaen,Randers FC,9w3sjm5ml4sjr2v81oxzdrt8v,FALSE
Danish SAS-Ligaen,Silkeborg,ahnt9ejgwj58ul8auzdvi3czf,TRUE
Danish SAS-Ligaen,Viborg,cftj6g399tknheudaxsdpfdgb,TRUE
Dutch Eredivisie,AZ,3kfktv64h7kg7zryax1wktr5r,TRUE
Dutch Eredivisie,Ajax,d0zdg647gvgc95xdtk1vpbkys,TRUE
Dutch Eredivisie,Cambuur Leeuwarden,ears40cp6opsgvhsy0dgyszpd,FALSE
Dutch Eredivisie,Emmen,3t0vjqtxc8wpjzv82i3oi2ova,TRUE
Dutch Eredivisie,Excelsior,dqk062lu0vm8epvytbm6r4mmf,FALSE
Dutch Eredivisie,FC Groningen,cos9hxi16eitbcbthof7zrm4m,FALSE
Dutch Eredivisie,FC Twente,4tic29sox7m39fy1ztgv0jsiq,FALSE
Dutch Eredivisie,FC Utrecht,ccpscwdcm65czscrun048ecn5,FALSE
Dutch Eredivisie,FC Volendam,6g9qrm72224jrk6tkxxxi8a9n,FALSE
Dutch Eredivisie,Feyenoord,20vymiy7bo8wkyxai3ew494fz,TRUE
Dutch Eredivisie,Fortuna Sittard,3ebril33e08ddzob4bhq8awsr,TRUE
Dutch Eredivisie,Go Ahead Eagles,b79uipsy57y1jqpy07h4i5ovk,TRUE
Dutch Eredivisie,Heerenveen,4vd2t5schmvvufrfib7f2vjdf,TRUE
Dutch Eredivisie,NEC,8iawijq7s9s6d85mjz8wdslki,TRUE
Dutch Eredivisie,PSV,24fvcruwqrqvqa3aonf8c3zuy,TRUE
Dutch Eredivisie,RKC,ed5nwjz5za3oyi20nxzgqivmx,FALSE
Dutch Eredivisie,Sparta,89w5c6pw7vn0dxypi61tt0g4k,FALSE
Dutch Eredivisie,Vitesse,6hsriqr3ybvyg94w2k19oal50,FALSE
English League Championship,Birmingham,8kreqtde5jdktcib0kg7dknac,FALSE
English League Championship,Blackburn,ep3im6aygoatju4u3ws8v3mog,FALSE
English League Championship,Blackpool,f1ni8k09kpdcwmkasi69rl0bz,TRUE
English League Championship,Bristol City,c5485h5qulh4l0k0py5b9xug1,TRUE
English League Championship,Burnley,64bxxwu2mv2qqlv0monbkj1om,TRUE
English League Championship,Cardiff City,3ash57c0q2tgok6gvzbsta93,TRUE
English League Championship,Coventry City,dacoc20k0n3fxu4zek8wufmko,TRUE
English League Championship,Huddersfield Town,5n5baro467i8s8efkra3nhgux,TRUE
English League Championship,Hull City,f0figafm2v9h8ofo6slajj7xf,TRUE
English League Championship,Luton Town,aksa492u5hf93giwcn2zt1nzz,TRUE
English League Championship,Middlesbrough,cq0jd5ztepqjjeikk5trb15vr,TRUE
English League Championship,Millwall,40d2qd8lr1tgsvmg5l1fzaf4o,TRUE
English League Championship,Norwich City,suz80crpy3anixyzccmu6jzp,TRUE
English League Championship,Preston North End,5kq4izdz28qjaxoa6ujclwghj,TRUE
English League Championship,Queens Park Rangers,72nmbktwvcj3wizfp37yjf0dp,FALSE
English League Championship,Reading,egm6z8hhksfg8f6a49jigczxh,TRUE
English League Championship,Rotherham United,6m5s30n9ej0dqfk1hfyrlkhdw,TRUE
English League Championship,Sheffield United,bws31egwjda253q9lvykgnivo,TRUE
English League Championship,Stoke City,4qioq44vcv619vnyy2rpovk4e,TRUE
English League Championship,Sunderland,1r3545b2dzan8yqa80gtmcjch,TRUE
English League Championship,Swansea City,410jti6axb01yhvbc0axsp8li,TRUE
English League Championship,Watford,4t83rqbdbekinxl5fz2ygsyta,TRUE
English League Championship,West Bromwich Albion,d1lhefp805y0rcbjqkpu4fq0n,TRUE
English League Championship,Wigan,dmypntcdsl5w8w8pcqs0b8mpj,FALSE
English League One,Accrington Stanley,5qwskbjpa17fvmtuu5qijy7cz,TRUE
English League One,Barnsley,9db4t34qy4owglhvvgwf5l22i,TRUE
English League One,Bolton,69t8imcdaqlgfbds2p58596my,FALSE
English League One,Bristol Rovers,5pfqedkme2kabtqhkln35pf3l,TRUE
English League One,Burton Albion,8mbtyq0has0uu0565fm9t5cdo,TRUE
English League One,Cambridge United,dmz37633qbsvl7gncq5s51yjw,TRUE
English League One,Charlton Athletic,2ezfenuwk3y65p8jdbj55xqt0,TRUE
English League One,Cheltenham Town,fvr504m6gaxsfmtx4fwm7iq1,TRUE
English League One,Derby County,3ptd7zlc5isrongig0wij2id4,TRUE
English League One,Exeter City,dv9l02o316cd9hbkxaho2u12f,TRUE
English League One,Fleetwood Town,8rfydplrc9ki0sirqi0drcybk,TRUE
English League One,Forest Green Rovers,17zuelixesst1z59fwcix2dil,TRUE
English League One,Ipswich Town,8b523ujgl21tbc01me65q0aoh,TRUE
English League One,Lincoln City,b3vbyitzi3nrw9ehj1eoko219,TRUE
English League One,Milton Keynes Dons,8w89tsles26jm12aoelwvlttt,TRUE
English League One,Morecambe,8xeuwzxnm7hdlbjjuezgfkz3w,TRUE
English League One,Oxford United,ahm0t06rup1bkd9z0mxl2lmph,TRUE
English League One,Peterborough United,5jjqm8h6qm1w4s5f93uubhdrj,TRUE
English League One,Plymouth Argyle,5g1fnexeromjl0lvnxp8hpnhi,TRUE
English League One,Port Vale,ejm092fnt9zoxbpuklzd52ji8,TRUE
English League One,Portsmouth,80jtkz2echk6yyyb9e2595cxr,TRUE
English League One,Sheffield Wednesday,1musyruv2ufjrjnj6gvdbr8kt,TRUE
English League One,Shrewsbury Town,82kapkjwonlv9j1ui0ytv5sii,TRUE
English League One,Wycombe Wanderers,jv3jh5m5t7qy5t37vwwmnj16,TRUE
English League Two,AFC Wimbledon,7sck2yj98lv9ogljofza0c7f9,TRUE
English League Two,Barrow,2h0f9b45mwop10akb6bp7qx3,TRUE
English League Two,Bradford City,2b5k2yusdx2ctd5cdv739p3il,TRUE
English League Two,Carlisle United,4wqa3vdd3owvzbdpmh91uvvhp,TRUE
English League Two,Colchester United,crpd0wug26fg7skfzmf11x1k2,TRUE
English League Two,Crawley Town,41pv4kcoqzdkswdzqhll8ellb,TRUE
English League Two,Crewe Alexandra,9ze1c55gavzeg6vw37ca1banb,TRUE
English League Two,Doncaster Rovers,6dryhu9wer42nt1dxoophpk96,TRUE
English League Two,Gillingham,2597fv0oiboak9jyryf3gt39g,TRUE
English League Two,Grimsby Town,6ipyteigr21t78l6fro3ig10j,TRUE
English League Two,Harrogate Town,bkzx43uwodxey51ivfvbqf37g,TRUE
English League Two,Hartlepool,47loqs7917u2rbhl1cqdupbre,FALSE
English League Two,Leyton Orient,2fhm98swvvbztf9cy67juhpas,TRUE
English League Two,Mansfield Town,4hcdmgl41o4blqpbeelu56h7y,TRUE
English League Two,Newport County,bewbbriuwh3i7a2zn19e6d0v4,TRUE
English League Two,Northampton Town,761h1nqgu3ogxgvp8ubb71r00,TRUE
English League Two,Rochdale,dqitrs0w52z0p9f4t07z0aqzw,TRUE
English League Two,Salford City,2dakjegmrc2cxx2hqq5wzegt,TRUE
English League Two,Stevenage,6xhqd6it53k2s5n7veo817ga4,TRUE
English League Two,Stockport County,5adikbrse2tjc3zthxrx8ic2k,TRUE
English League Two,Sutton United,868eewpas8ksqiyprnczkpran,TRUE
English League Two,Swindon Town,9ws3x82yqn7svjq6onvtunpst,TRUE
English League Two,Tranmere Rovers,9j48z9ohucqbzpneoghrgwevs,TRUE
English League Two,Walsall,1tev1lioyfaxbk2uod5uekzyj,TRUE
French Ligue 1,AC Ajaccio,6xjy1q2m55iiwe8g1r1yffbc9,FALSE
French Ligue 1,AS Monaco,4t4hod56fsj7utpjdor8so5q6,TRUE
French Ligue 1,Angers,75qj99fhg5c0ztj2tva5u4uii,FALSE
French Ligue 1,Auxerre,9bxav814mkuhueiyivyive82d,TRUE
French Ligue 1,Brest,3adj8hkws0z1al232bg2h6tk0,TRUE
French Ligue 1,Clermont Foot,17o35s8assv3kamxowzz77k4r,FALSE
French Ligue 1,Lens,3xedluek08t2ka7oypwuullcn,TRUE
French Ligue 1,Lille,be2k34rut1lz79jxenabttqlc,TRUE
French Ligue 1,Lorient,70nn27vgkt6l48lvv5e66q7ww,TRUE
French Ligue 1,Lyon,121le8unjfzug3iu9pgkqa1c7,FALSE
French Ligue 1,Marseille,27xvwccz8kpmqsefjv2b2sc0o,FALSE
French Ligue 1,Montpellier,2cjpmotqo8phcqfpgo9xf4gel,TRUE
French Ligue 1,Nantes,750ustvk4jfqmo8q4gnrcxy7z,TRUE
French Ligue 1,Nice,bx0cdmzr2gwr70ez72dorx82p,TRUE
French Ligue 1,Paris Saint-Germain,2b3mar72yy8d6uvat1ka6tn3r,FALSE
French Ligue 1,Reims,3c3jcs7vc1t6vz5lev162jyv7,TRUE
French Ligue 1,Stade Rennes,z1wbqtd0fz5t5eezjvrbld3h,FALSE
French Ligue 1,Strasbourg,71ajatxnuhc5cnm3xvgdky49w,TRUE
French Ligue 1,Toulouse,4aghw9tyi8ba3ju1ne83gmf9w,TRUE
French Ligue 1,Troyes,3unkqo2g6ag99gd5ynz1j7vse,TRUE
French Ligue 2,Amiens,5191cnvhmuct5kn7yvr0nvd9d,FALSE
French Ligue 2,Annecy,6sqrk45zcfgwpq97no19o9sk5,TRUE
French Ligue 2,Bastia,6l07ga27xfsr7485fuc1ilkkc,TRUE
French Ligue 2,Bordeaux,98dr7jscv8adc8zgi2u403oij,TRUE
French Ligue 2,Caen,ab80vest6tgco121qtfyphq7c,TRUE
French Ligue 2,Dijon FCO,79dc2mv3x269nhix3mkhc5wfu,FALSE
French Ligue 2,Grenoble,2ku5qqmv6i842rujioksaatx7,FALSE
French Ligue 2,Guingamp,e9mmk1w7cem6r4wysgassacef,TRUE
French Ligue 2,Laval,75gwk94q9jkoh78jk8nlay4xj,TRUE
French Ligue 2,Le Havre,23pqcgxu1tip265hbe01kszbt,TRUE
French Ligue 2,Metz,2khen2a38l2hkx33s73pehl6o,TRUE
French Ligue 2,Nimes,ackp3k0zn4tukl6ejvn3ajnjz,TRUE
French Ligue 2,Niort,7vnnz5z9l3zqyaadfsidi7mh0,TRUE
French Ligue 2,Paris FC,8v00fx2zwhiwm05tqqkt122p5,TRUE
French Ligue 2,Pau,25s5qx846iw05y8t9pinrbhh1,TRUE
French Ligue 2,Rodez,2u30h0xpbfzv0byj4j7d8c4ug,TRUE
French Ligue 2,Sochaux,d9kwaceoj54pfprd6oc2hwae6,TRUE
French Ligue 2,St Etienne,2sc9xfhu6tbru9hhlhr4a89zn,FALSE
French Ligue 2,US Quevilly,8ng94h4147jxd5oxgoaa95yl4,FALSE
French Ligue 2,Valenciennes,g8cvbv4wrvq7uf4347yjkd35,TRUE
German 2. Bundesliga,1. FC Heidenheim 1846,3xcg7xikgrn2x8oa65sopb2is,FALSE
German 2. Bundesliga,1. FC Kaiserslautern,dmw05a03pgt48fnf9ikxs6i1o,FALSE
German 2. Bundesliga,1. FC Magdeburg,7tsc39uwtnq238hrx6d9zi3xy,FALSE
German 2. Bundesliga,1. FC Nürnberg,c8rdmlwqz77xe8yzv3r881dz3,FALSE
German 2. Bundesliga,Arminia Bielefeld,bdlavlqj0dshxnepyfanzwu47,TRUE
German 2. Bundesliga,Eintracht Braunschweig,kxpw3rqn4ukt7nqmtjj62lbn,TRUE
German 2. Bundesliga,FC St. Pauli,85jtaw5dcxxx1yp8te6axh3p8,FALSE
German 2. Bundesliga,Fortuna Düsseldorf,8cf22o379ziez932kkzoi1d8q,TRUE
German 2. Bundesliga,Hamburg SV,75xi6hloabmnjn2kzgj1g8h1s,FALSE
German 2. Bundesliga,Hannover 96,5lidfwkteyu9dj9ysmdq2v4tk,TRUE
German 2. Bundesliga,Hansa Rostock,32yd2iyyibspuyakdizwy8g3n,TRUE
German 2. Bundesliga,Holstein Kiel,6zwg0wxjie31da2i4wwh2h4ho,TRUE
German 2. Bundesliga,Jahn Regensburg,d4p104ikzzt5hfwdzppbmp7e0,TRUE
German 2. Bundesliga,Karlsruher SC,aojwbjr39s1w2mcd9l2bf2dhk,TRUE
German 2. Bundesliga,SC Paderborn,62ljqd4za2a6svd9wgctg8b53,FALSE
German 2. Bundesliga,SV Darmstadt 98,1y7e48j8swyafegsucvewse5a,FALSE
German 2. Bundesliga,SV Sandhausen,884uzyf1wosc7ykji6e18gifp,FALSE
German 2. Bundesliga,SpVgg Greuther Fürth,9dlxuym0eab00j9ggrdr87soj,FALSE
German Bundesliga,1. FC Union Berlin,a8d2gb2nag8fy0itbuxmcibh2,FALSE
German Bundesliga,Bayer Leverkusen,7ad69ngbpjuyzv96drf8d9sn2,TRUE
German Bundesliga,Bayern Munich,apoawtpvac4zqlancmvw4nk4o,FALSE
German Bundesliga,Borussia Dortmund,dt4pinj0vw0t0cvz7za6mhmzy,TRUE
German Bundesliga,Borussia Monchengladbach,go76xxm0xyfgqt1h6tcrtimm,FALSE
German Bundesliga,Eintracht Frankfurt,c5hderjlkcoaze51e5wgvptk,TRUE
German Bundesliga,FC Augsburg,ex3psl8e3ajeypwjy4xfltpx6,FALSE
German Bundesliga,FC Cologne,8q1ul09cygzswb7tb456bmifv,FALSE
German Bundesliga,Hertha Berlin,f0w62l8zql3tukxsy8fqwp72x,FALSE
German Bundesliga,Mainz,1c7qokc1j5z50cjj4tcu32haa,FALSE
German Bundesliga,RB Leipzig,9gefq4dz9b2hl8rqrxwrlrzmp,TRUE
German Bundesliga,SC Freiburg,6k5zscdm9ufw0tguvzyjlp5hq,FALSE
German Bundesliga,Schalke 04,cz4a6wmzx2obyisadhgaccx7b,TRUE
German Bundesliga,TSG Hoffenheim,4l9mrqzmajz5crzlz50mtbt6x,FALSE
German Bundesliga,VfB Stuttgart,3dwlvz6cl4lcavvrg0y2dycrt,FALSE
German Bundesliga,VfL Bochum,eq1oq6y61xnzq88zu0cnw131z,FALSE
German Bundesliga,VfL Wolfsburg,a8l3w3n0j99qjlsxj3jnmgkz1,FALSE
German Bundesliga,Werder Bremen,cu0eztmjcsbydyp53aleznorw,TRUE
Greek Super League,AEK Athens,7ruua9q5rtswwi5d6xtquuto5,TRUE
Greek Super League,Aris Salonika,90z9l1k46z46ep9oupipgganh,FALSE
Greek Super League,Asteras Tripolis,c53eublb5ds9v1rlscm8x39pq,TRUE
Greek Super League,Atromitos,4gex5os8jassavy6lopipbcz3,TRUE
Greek Super League,Giannina,1kij1j9oyr97sxtd0hvgnre10,FALSE
Greek Super League,Ionikos FC,gafj2w5j6j5u1k05xdgi3yqp,FALSE
Greek Super League,Lamia,8f2ud0np10grf6a1ke620ma4s,TRUE
Greek Super League,Levadiakos,1j8ifp7frhzci6o6kvnl1glif,TRUE
Greek Super League,OFI Crete,dr4emys1xpm2h54oid0q5y2nx,FALSE
Greek Super League,Olympiacos,9ghx7vbghs3628n5chm9r8ig3,FALSE
Greek Super League,PAOK Salonika,deazflnflqmejndo05gviznzd,FALSE
Greek Super League,Panathinaikos,4ws3k9155net1ydbvr8c940dy,TRUE
Greek Super League,Panetolikos,dozhxtpww3paixmvttljtduge,FALSE
Greek Super League,Volos NFC,937i26v5naqzhwxcelwtgou3u,TRUE
Italy Serie A,AC Milan,9dntj5dioj5ex52yrgwzxrq9l,FALSE
Italy Serie A,AS Roma,2tk2l9sgktwc9jhzqdd4mpdtb,TRUE
Italy Serie A,Atalanta,e75syeuawg3ql8nwpi3vr2btz,TRUE
Italy Serie A,Bologna,ej5er0oyngdw138yuumwqbyqt,TRUE
Italy Serie A,Cremonese,af91jdcs6x0bqkmdb78rokod2,TRUE
Italy Serie A,Empoli,8le3orkfz6iix3jns6g9ojqjg,TRUE
Italy Serie A,Fiorentina,4raiad4l2j5lkfaz92pk4osb,TRUE
Italy Serie A,Internazionale,3vo5mpj7catp66nrwwqiuhuup,TRUE
Italy Serie A,Juventus,bqbbqm98ud8obe45ds9ohgyrd,TRUE
Italy Serie A,Lazio,btcy9nra9ak4m22ovr2ia6m5v,TRUE
Italy Serie A,Lecce,bi1fxjrncd0ram0oi7ja1jyuo,TRUE
Italy Serie A,Monza,67z1gqyiuzpmmb15q5fy7ntc4,TRUE
Italy Serie A,Napoli,gi0l1habji5hpgar77dl5jqe,TRUE
Italy Serie A,Salernitana,49rkyo4do8uwj06geomw0xr4i,TRUE
Italy Serie A,Sampdoria,4plikfte18rv8v4l89z803d4y,TRUE
Italy Serie A,Sassuolo,6tuibxq39fdryu8ou06wcm0q3,TRUE
Italy Serie A,Spezia,4klvxyeh3xcus4ongu7c00mgc,TRUE
Italy Serie A,Torino,7gnly6999wao1xarwct4p8fe9,TRUE
Italy Serie A,Udinese,dxq76zcvnokq07cszdx0i6kve,TRUE
Italy Serie A,Verona,ap6blbxhq9elm62vw6tutzlwg,FALSE
Italy Serie B,Ascoli,dibn6hjca9timadlm3pqve4z9,TRUE
Italy Serie B,Bari,e2hi197ydanctu9i74tonpt4r,TRUE
Italy Serie B,Benevento,4cq1gkb2yelnvz4z7jdo6q81,TRUE
Italy Serie B,Brescia,a80afp6w8wof6ci633u8k93de,TRUE
Italy Serie B,Cagliari,5rwlg5cfv1hu7yf0ek1zxpzy3,TRUE
Italy Serie B,Cittadella,dlda35ece1taoufqhscwnf6jq,TRUE
Italy Serie B,Como,6uzfw7ahyxg4wrrfxo5u7qt0n,TRUE
Italy Serie B,Cosenza,borsok34ukkl30nox3azxw3wq,TRUE
Italy Serie B,F.B.C Unione Venezia,565sm63rjm2y7xeae0dcdbtnu,FALSE
Italy Serie B,Frosinone,5khizzei8z0qbb7exz622wxw3,TRUE
Italy Serie B,Genoa,4kumqzwifv478caxed8zywlh3,TRUE
Italy Serie B,Modena,n1m34lh0h7dfk0ag9h0zcxgh,TRUE
Italy Serie B,Palermo,2ungwfinfq61qrc6py1skd7ds,TRUE
Italy Serie B,Parma,5aosfavi55p40c65lkriqnqnl,TRUE
Italy Serie B,Perugia,60gjrw8umdjqn8tp31d1nfwye,TRUE
Italy Serie B,Pisa,bfztlrr6176xsdt2bmp0u1d2d,TRUE
Italy Serie B,Reggina,42kf8o5u7a1yab8fcis8vrz0s,TRUE
Italy Serie B,Spal,1vgjxh0up351qa1q54ifmyxa1,TRUE
Italy Serie B,Sudtirol,4os8c4tugzqwx4hef5g7lic78,TRUE
Italy Serie B,Ternana,e361o6jsbyqoimblxx30fcw1a,TRUE
Japanese J League,Albirex Niigata,12tyw9yomy9n5cjd5po2ajx1q,TRUE
Japanese J League,Avispa Fukuoka,ydlnn8jofdkseegh42az3fpt,TRUE
Japanese J League,Cerezo Osaka,90cc40yau7yv6n8r4xs361ofd,TRUE
Japanese J League,Consadole Sapporo,1f3ehp8p9yi8reamghry4p76t,TRUE
Japanese J League,FC Tokyo,e90fnsgtnamze3yssxpg392eb,FALSE
Japanese J League,Gamba Osaka,92br3632xgmc25jvr0jesfvl6,TRUE
Japanese J League,Kashima Antlers,9s2g5k3dlmfii452t8edaeozh,TRUE
Japanese J League,Kashiwa Reysol,3lyo0vqgndy4fuzlfo5l9ql30,TRUE
Japanese J League,Kawasaki Frontale,5pol481515zvirmk6t00kerbc,TRUE
Japanese J League,Kyoto Purple Sanga,6bus1cl4b6zdm93290r02o7cx,FALSE
Japanese J League,Nagoya Grampus Eight,18c8ibslzapz40lfb8y5vygcs,FALSE
Japanese J League,Sagan Tosu,27o8mdqno6jslcjb709sxjwyy,TRUE
Japanese J League,Sanfrecce Hiroshima,89wr6p2dkh7wjxtbwhtsruu02,TRUE
Japanese J League,Shonan Bellmare,83d6z6wvkzs3dx9oy3mftixow,TRUE
Japanese J League,Urawa Red Diamonds,3vfso415vj7uitnunviuzdyg3,FALSE
Japanese J League,Vissel Kobe,bbt5nqwufsne7r0zfa6pvpmfa,TRUE
Japanese J League,Yokohama F. Marinos,2cwez3hk2i75ope3qyu54cqh1,TRUE
Japanese J League,Yokohama FC,ctm9as17rs95yhuz7qf53wfke,FALSE
Major League Soccer,Atlanta United FC,943ue6l8ylnidoygbi9p8op2h,FALSE
Major League Soccer,Austin FC,yrsr1hyy65062qyzw8sug3ys,FALSE
Major League Soccer,Charlotte FC,dqq34048nqex146r77i5l8twq,FALSE
Major League Soccer,Chicago Fire,apsqaaege20za4re5wm6bzq9a,TRUE
Major League Soccer,Colorado Rapids,cvrl5bces32x6fup1ks1hvets,TRUE
Major League Soccer,Columbus Crew,chjb0xe5vlaaguop3q2nbalni,TRUE
Major League Soccer,DC United,5qw82lpi6fio4fbljihlyyulb,TRUE
Major League Soccer,FC Cincinnati,652hppivbqchvrp3wopx1isyt,FALSE
Major League Soccer,FC Dallas,4gi4qw4gt6nfq0c6r8y574qgp,FALSE
Major League Soccer,Houston Dynamo,69m5c06m9up1j8vf8ulnb80xu,TRUE
Major League Soccer,Inter Miami CF,7a7uyvix8axi28h7d3bwl4tbe,FALSE
Major League Soccer,Los Angeles FC,c6e7kqqrkt389ysrth6yy6puy,FALSE
Major League Soccer,Los Angeles Galaxy,6qr5y32dthc4dqycckwmfj1si,FALSE
Major League Soccer,Minnesota United FC,dna80a164iz5ta6pp6ivk64rx,FALSE
Major League Soccer,Montreal Impact,oisd4xgg4qxt18c7tikdejbe,FALSE
Major League Soccer,Nashville SC,1oogd0fpwledjm2ycsuv7afze,TRUE
Major League Soccer,New England Revolution,3ko4vrn7aouqpdr21sv4ipcvj,FALSE
Major League Soccer,New York City FC,1bksy4rix8pm8rjve81uqo8ut,FALSE
Major League Soccer,New York Red Bulls,7k329us81r2yiw9pakgo5tp6e,FALSE
Major League Soccer,Orlando City SC,eaqreat4kxwvah0bvwg1wtoq5,FALSE
Major League Soccer,Philadelphia Union,aq0m4zmew7kkplbi7fa0pv45c,TRUE
Major League Soccer,Portland Timbers,77o8sorlijzpr0t4s7231zzxp,TRUE
Major League Soccer,Real Salt Lake,29zyafx618w7tvp34n53pzwwb,TRUE
Major League Soccer,San Jose Earthquakes,a2jg79bf9ab1vj6iok2r328cc,FALSE
Major League Soccer,Seattle Sounders FC,3st9rj62b3qnni6uolw0lwaqn,FALSE
Major League Soccer,Sporting Kansas City,3olfhpj6emfhceudd95ytb9gy,FALSE
Major League Soccer,St. Louis CITY SC,7rh4h3y77fl3s7rdqp61si49g,FALSE
Major League Soccer,Toronto FC,28teusnamw1ujgh5di1auf2f7,FALSE
Major League Soccer,Vancouver Whitecaps,cdmq2tqfwo5td2ztv1s62bqlf,TRUE
Mexican Primera Division Torneo Clausura,Atlas,8jjxbd5vr23vhu1v5r21rzkrn,TRUE
Mexican Primera Division Torneo Clausura,Atlético San Luis,54ph1k82y99hhjsf7m2usns8u,TRUE
Mexican Primera Division Torneo Clausura,Club América,eu8c408f59yx7egaqossbv25e,FALSE
Mexican Primera Division Torneo Clausura,Cruz Azul,1aw67co8uut64yckd3wbhy9t2,TRUE
Mexican Primera Division Torneo Clausura,FC Juárez,ecphe4bqgmin2tzsohf50egvd,FALSE
Mexican Primera Division Torneo Clausura,Guadalajara,e603sojy77s4u0ypqds2v2a1g,FALSE
Mexican Primera Division Torneo Clausura,León,2ei66pjfsrr6uxqp1bywq31lo,TRUE
Mexican Primera Division Torneo Clausura,Mazatlán FC,dsm1dxw4j3f973w7kzhe2n816,FALSE
Mexican Primera Division Torneo Clausura,Monterrey,233335xtoe3e3phg3hp91xguq,TRUE
Mexican Primera Division Torneo Clausura,Necaxa,b7hn6knkuxbpj1i8rmzapns7b,TRUE
Mexican Primera Division Torneo Clausura,Pachuca,cynfvfb31rml7xrlsnejf8r6j,TRUE
Mexican Primera Division Torneo Clausura,Puebla,4kw25nmgmacpbvo24ttr994k5,TRUE
Mexican Primera Division Torneo Clausura,Pumas Unam,ayabrorjqa1bj7jk1fdqu1t57,TRUE
Mexican Primera Division Torneo Clausura,Querétaro,ccye1b5fvtq8tzlz0gosyw10b,TRUE
Mexican Primera Division Torneo Clausura,Santos Laguna,8yn3l36qkq1fxbw4ufmwyfyt9,TRUE
Mexican Primera Division Torneo Clausura,Tigres UANL,6hmo9mrlz73nwxkshwuu5vsfm,TRUE
Mexican Primera Division Torneo Clausura,Tijuana,c1wcescnsnfuyv06enhwaoqr6,TRUE
Mexican Primera Division Torneo Clausura,Toluca,3390h9hdgoxzzofnrpyktanuz,TRUE
Norwegian Tippeligaen,Aalesund,3impprc048nbz39w05s18c6yt,TRUE
Norwegian Tippeligaen,Bodo/Glimt,ctvzi2jbl1q6xzq0s3sexj73g,TRUE
Norwegian Tippeligaen,FK Jerv,4uhob9fidndruy140dh5ayd6a,FALSE
Norwegian Tippeligaen,Hamarkamaratene,crlocdyqyb1fdhck54qxs65rl,FALSE
Norwegian Tippeligaen,Haugesund,d8w1m5j3jbd1eva8524dv4a20,TRUE
Norwegian Tippeligaen,Kristiansund BK,uqspd1bx7f6mq8ohj50u1k1k,FALSE
Norwegian Tippeligaen,Lillestrom,93xj9vmeln0marv6r1uti7but,TRUE
Norwegian Tippeligaen,Molde,45v50owpvshpijizwwlcw4lni,TRUE
Norwegian Tippeligaen,Odd BK,e3b5vandkj5qfay9z6wq87yu,FALSE
Norwegian Tippeligaen,Rosenborg,c7jgkxx1czv5etn7snf1r6p2m,TRUE
Norwegian Tippeligaen,Sandefjord,btaf9fuj3xctycyjeqwereaow,TRUE
Norwegian Tippeligaen,Sarpsborg,doohk95o6e8pkqah8vkop51dg,FALSE
Norwegian Tippeligaen,Stromsgodset,ew0hpuiweoltpsg5f51r2w64t,TRUE
Norwegian Tippeligaen,Tromso,80hgdmpkvdrhw1ge9nks2kxvy,TRUE
Norwegian Tippeligaen,Valerenga,8q6cv8g4bd3xdl7m88kll16na,TRUE
Norwegian Tippeligaen,Viking FK,bsykw9d70ffqe9atosc92n1e9,FALSE
Portuguese Liga,Benfica,9ldqu49smv1xg2va0n2cy28zl,FALSE
Portuguese Liga,Boavista,3b4nxgvmwzstmoq6borytkwx1,TRUE
Portuguese Liga,Braga,26t6lvlpql4w5wu1ih73qpy36,FALSE
Portuguese Liga,Casa Pia,ewsf6evtguu9j7k6js4tlgl89,TRUE
Portuguese Liga,Chaves,alyavx3ad35bp1xuwmqk7sgev,TRUE
Portuguese Liga,Estoril Praia,22mo7qbsnyi8wtucpvhgvhw2q,FALSE
Portuguese Liga,FC Arouca,dich5v7sw466smbqap0d9rbyj,FALSE
Portuguese Liga,FC Porto,66bsnl0zjb7l5akwo00h0y5me,FALSE
Portuguese Liga,Famalicao,5c0sf1eaipcxvdw9o22of2jdp,TRUE
Portuguese Liga,Gil Vicente,bwt8yfk8rkcwiwyr0mopd7wqd,TRUE
Portuguese Liga,Guimaraes,8gvg1ranyf93hprfkwx3ofl2y,FALSE
Portuguese Liga,Maritimo,7kfx3xpj2c2wxinsyi16i9gaz,FALSE
Portuguese Liga,Pacos Ferreira,491xixnlsp75o7cr3w2gc1o0z,FALSE
Portuguese Liga,Portimonense,co1i764h6b02husae71w6scs8,TRUE
Portuguese Liga,Rio Ave,cgvbluoerzbzcr7aaxge3wkcv,TRUE
Portuguese Liga,Santa Clara,cmbqc74mshg77ra7mywec2a6b,TRUE
Portuguese Liga,Sporting CP,7catg5lpivcmpf4xhggh6d8rk,TRUE
Portuguese Liga,Vizela,7fn0aazbc8nx0u040aulozds1,TRUE
Russian Premier Liga,CSKA Moscow,6nfubpry6l0z27drwbvesjpvn,FALSE
Russian Premier Liga,Dinamo Moscow,8mrwjyt72h0oqpj24xi4f7e8s,FALSE
Russian Premier Liga,FC Khimki,53ilvf0xy5t0erfwchibmhkes,FALSE
Russian Premier Liga,FC Krasnodar,17icf335ajx0bgofq41xsz8tv,FALSE
Russian Premier Liga,FK Nizhny Novgorod,551am27ynhfd2ciffnfz1ehk7,FALSE
Russian Premier Liga,Fakel Voronezh,c49dcd6hd81tv9f2o9ltxqsfx,FALSE
Russian Premier Liga,Gazovik Orenburg,6j1r4zpoysezjln5ro143mqnt,FALSE
Russian Premier Liga,Krylia Sovetov,2kf8wmpaiufla46toezfpguas,FALSE
Russian Premier Liga,Lokomotiv Moscow,3v69o7jfactkbwba836fnzyr4,FALSE
Russian Premier Liga,Rostov,c21b842qbf0i82euyl4yb5y0l,TRUE
Russian Premier Liga,Sochi,dv01yd3xywvn4tyrad7pcqjht,TRUE
Russian Premier Liga,Spartak Moscow,42qvrbdkk5p9kqrhd0g9er2aq,FALSE
Russian Premier Liga,Terek Grozny,akank46134gx4nnpfbm5wttgu,FALSE
Russian Premier Liga,Torpedo Moskow,3f66aqat0e0auj1x9fjeym9u0,FALSE
Russian Premier Liga,Ural Sverdlovsk Oblast,8z118klpzvd6vslyas9wugj87,FALSE
Russian Premier Liga,Zenit St Petersburg,13jreg6k4rtu4g11y6x2pivm,FALSE
Scottish Premiership,Aberdeen,841zp0njrq63yv4fvw6lgf60q,TRUE
Scottish Premiership,Celtic,dvnjvad3p09dugr79gktlrtll,FALSE
Scottish Premiership,Dundee Utd,4qdzzur2cuuridyb0jso8mksi,FALSE
Scottish Premiership,Hearts,1hcbcuu846pa3iw6qskiws1cu,TRUE
Scottish Premiership,Hibernian,c9ky1957qli8v2lylfga7io8b,TRUE
Scottish Premiership,Kilmarnock,enzoyc121va61wtmjf4cm7p3d,TRUE
Scottish Premiership,Livingston,besu5lkqmra07drq1czpr0tk4,TRUE
Scottish Premiership,Motherwell,759fhii7hsnldanli06j5jmf6,TRUE
Scottish Premiership,Rangers,cnnku8uihko7u4th0fms4pvg6,FALSE
Scottish Premiership,Ross County,87coxipr6ls77tnlba3eselx0,TRUE
Scottish Premiership,St Johnstone,ez46dadmx0virt38cgeq2n6pf,TRUE
Scottish Premiership,St Mirren,muo4d1nfi1vgyvz5n07tjmoo,TRUE
South African ABSA Premier League,AmaZulu,ak8ykavbpvki7rmekeyjfdit,TRUE
South African ABSA Premier League,Black Aces,b0gaeazzuecckeuhyp5b4dz44,FALSE
South African ABSA Premier League,Chippa United,4cz716ugykgw3dl82z43evgai,TRUE
South African ABSA Premier League,Golden Arrows,s7xf6mvsygysn88hs5bx1vzj,TRUE
South African ABSA Premier League,Kaizer Chiefs,9g72y015b6fgkgtpx1c67qemi,TRUE
South African ABSA Premier League,Mamelodi Sundowns,3h2hc3qy5uritiscjfq27bv3a,TRUE
South African ABSA Premier League,Maritzburg Utd,2iuqsp84rr0es24mft6sxjcwr,FALSE
South African ABSA Premier League,Moroka Swallows,6gs5c8gbzzh6q130gsng43gxd,FALSE
South African ABSA Premier League,Orlando Pirates,asatsyoargv5n2y7o04swilai,TRUE
South African ABSA Premier League,Richards Bay,epezc4zxkhy5y9x24tqdfmdt6,TRUE
South African ABSA Premier League,Royal AM,86uzj3x4m8a46echw3r4sixhl,FALSE
South African ABSA Premier League,Sekhukhune United,dskcf9vnfqys0leihwl0krxg4,TRUE
South African ABSA Premier League,Stellenbosch FC,1shnouk5hkyelymt9ave9djub,FALSE
South African ABSA Premier League,SuperSport United,70r3cpn394fvo2rl70s5hlx9z,TRUE
South African ABSA Premier League,TS Galaxy,9fjzy739uj2borv29vzra2vl6,TRUE
South African ABSA Premier League,Tshakhuma Tsha Madzivhandila,4t8n4gm2xoifc6e5qxkfohgfp,FALSE
Spanish Primera Division,Almeria,cobffe32r7g4skka9m19qib63,TRUE
Spanish Primera Division,Athletic Bilbao,3czravw89omgc9o4s0w3l1bg5,FALSE
Spanish Primera Division,Atletico Madrid,4ku8o6uf87yd8iecdalipo6wd,TRUE
Spanish Primera Division,Barcelona,agh9ifb2mw3ivjusgedj7c3fe,FALSE
Spanish Primera Division,Cadiz,82q9159y2u7mkfn3z6hy75r4o,TRUE
Spanish Primera Division,Celta Vigo,6f27yvbqcngegwsg2ozxxdj4,FALSE
Spanish Primera Division,Elche,4yg9ttzw0m51048doksv8uq5r,TRUE
Spanish Primera Division,Espanyol,c8llrezkm3b3op4afrou6b487,TRUE
Spanish Primera Division,Getafe,1n1j0wsl763lq7ee1k0c11c02,TRUE
Spanish Primera Division,Girona FC,7h7eg7q7dbwvzww78h9d5eh0h,FALSE
Spanish Primera Division,Mallorca,50x1m4u58lffhq6v6ga1hbxmy,TRUE
Spanish Primera Division,Osasuna,2l0ldgiwsgb8d6y3z0sfgjzyj,TRUE
Spanish Primera Division,Rayo Vallecano,3budh3j9xivsid3ptm8ptpy4k,TRUE
Spanish Primera Division,Real Betis,ah8dala7suqqkj04n2l8xz4zd,TRUE
Spanish Primera Division,Real Madrid,3kq9cckrnlogidldtdie2fkbl,TRUE
Spanish Primera Division,Real Sociedad,63f5h8t5e9qm1fqmvfkb23ghh,FALSE
Spanish Primera Division,Real Valladolid,4jelr92fsge73q39is6qvhxb3,TRUE
Spanish Primera Division,Sevilla FC,10eyb18v5puw4ez03ocaug09m,FALSE
Spanish Primera Division,Valencia,ba5e91hjacvma2sjvixn00pjo,TRUE
Spanish Primera Division,Villarreal,74mcjsm72vr3l9pw2i4qfjchj,TRUE
Spanish Segunda Division,Alavés,4dtdjgnpdq9uw4sdutti0vaar,FALSE
Spanish Segunda Division,Albacete,13zq8jfp5uydowd3ibknxaffj,TRUE
Spanish Segunda Division,Burgos,9dh08biovdh6rzklzlf3zvezi,TRUE
Spanish Segunda Division,Eibar,bjltc68ihd23uu3svnq0o3qrs,TRUE
Spanish Segunda Division,FC Andorra,chhfxt372lm29p9b96fr2ho4q,TRUE
Spanish Segunda Division,FC Cartagena,5wxu1zqzg59vcv980gd8f946c,TRUE
Spanish Segunda Division,Granada,26fes5ubaeq0fk1nay2pj2ob2,TRUE
Spanish Segunda Division,Las Palmas,1ae3awgwm3i1jds5tfct5441j,FALSE
Spanish Segunda Division,Leganes,3krm0f4yr1l80j1sd7823f9xn,TRUE
Spanish Segunda Division,Levante,4grc9qgcvusllap8h5j6gc5h5,TRUE
Spanish Segunda Division,Lugo,bfp1dwirz7vrihg6eqeo28cng,TRUE
Spanish Segunda Division,Mirandes,a745ojopc6f75ma1fyfzayono,TRUE
Spanish Segunda Division,Málaga,7012hpp3p5vg4fzyn3h0yvf09,TRUE
Spanish Segunda Division,Racing Santander,bzkwzatvwahmbzok1ymm5vqa1,TRUE
Spanish Segunda Division,Real Oviedo,clo928vcczjp0mczavs5o7p5k,TRUE
Spanish Segunda Division,Real Zaragoza,6iwco2hhg7gp3bc9ywku4881k,TRUE
Spanish Segunda Division,SD Huesca,egfc4v1d08dgbhkw8gxz85bzr,FALSE
Spanish Segunda Division,SD Ponferradina,959m69bwnvxwr9uta2as4hwdh,FALSE
Spanish Segunda Division,Sporting Gijón,9wfi6tgumbrnkp72z8zab89kr,TRUE
Spanish Segunda Division,Tenerife,c2v5gyres2yaemc7t3ns323bj,TRUE
Spanish Segunda Division,UD Ibiza,91yvq2zksnnd51c1t3zdf88yy,FALSE
Spanish Segunda Division,Villarreal B,aa9u45jhx90v9o0z67czgm3hs,FALSE
Swedish Allsvenskan,AIK,5mbo4f0vps12dr0fcvjn3wyp5,TRUE
Swedish Allsvenskan,BK Hacken,9zqn9ugvg64it0lr5z8cq4g9v,FALSE
Swedish Allsvenskan,Brommapojkarna,ac8jow4mdkvnsv5s0och4qqm,TRUE
Swedish Allsvenskan,Degerfors IF,46yo78zak2j7kaxc5ak1fnm60,TRUE
Swedish Allsvenskan,Djurgardens IF,czkf5t3ai00ghwbga03i5aqxw,FALSE
Swedish Allsvenskan,Halmstads BK,6i936isoyj6d0uuxdj537uc97,FALSE
Swedish Allsvenskan,Hammarby,2nnlsjfbcea40t4jeclcbw9lk,TRUE
Swedish Allsvenskan,IF Elfsborg,1939bnru25svvgv15k2c7tw2y,TRUE
Swedish Allsvenskan,IFK Goteborg,evf5hhqgnjhwjsth1m6pawxdp,TRUE
Swedish Allsvenskan,IFK Norrkoping,7hlumphk42363z3i2nry2wrzj,FALSE
Swedish Allsvenskan,IFK Värnamo,durq4oppf7c08tnbzrlebt0uz,FALSE
Swedish Allsvenskan,IK Sirius,4jg5vd59i24chckyua90dr1lg,FALSE
Swedish Allsvenskan,Kalmar FF,bqtquhot4yruw677rkc607lk6,FALSE
Swedish Allsvenskan,Malmo FF,93ohqui2qgqm8408viwmm1ken,TRUE
Swedish Allsvenskan,Mjallby,spvvjmk37iid7hsky9g3nce7,TRUE
Swedish Allsvenskan,Varbergs BoIS FC,4mo3tith28qu9za01e8siplsn,FALSE
Swiss Raiffeisen Super League,Basel,5u18kvqiqhup2vd345dci1069,TRUE
Swiss Raiffeisen Super League,FC Lugano,btqfm8txcvhi29sddmc9nr68,FALSE
Swiss Raiffeisen Super League,FC Luzern,dk531bvjn5bmeonqs9hbbmfgr,FALSE
Swiss Raiffeisen Super League,FC Sion,b9fc1umgats16gk6wr769wh8a,FALSE
Swiss Raiffeisen Super League,FC Vaduz,9kxht4usspzkeyosl567vjrs2,FALSE
Swiss Raiffeisen Super League,FC Zurich,3sb3j9l7dbjcalwpirp3u2f9g,FALSE
Swiss Raiffeisen Super League,Grasshoppers Zürich,9dqlf92t42brv71kvaet67tm4,FALSE
Swiss Raiffeisen Super League,Servette,ccwv4ymbs3u0q8xaby4hqb0jz,TRUE
Swiss Raiffeisen Super League,St Gallen,dty3ktxspuo8ayudnf0egkvx5,TRUE
Swiss Raiffeisen Super League,Winterthur,ag3mf21yz4g5ypnqr2j28crqb,TRUE
Swiss Raiffeisen Super League,Young Boys,5fd9f9bti2cdgb6r1lf8l2bc7,FALSE
Turkish Turkcell Super Lig,Adana Demirspor,4iqb7tq3rn4k3ynintvhxhx1i,TRUE
Turkish Turkcell Super Lig,Alanyaspor,84fpe0iynjdghwysyo5tizdkk,TRUE
Turkish Turkcell Super Lig,Ankaragucu,a7jkz1m32wntcvegrwjbr85t5,TRUE
Turkish Turkcell Super Lig,Antalyaspor,9irsyv431fpuqhqtfq9iwxf2u,TRUE
Turkish Turkcell Super Lig,Besiktas,2ez9cvam9lp9jyhng3eh3znb4,TRUE
Turkish Turkcell Super Lig,Fatih Karagümrük,c3txoz57mu7w9y1jprvnv2flr,TRUE
Turkish Turkcell Super Lig,Fenerbahce,8lroq0cbhdxj8124qtxwrhvmm,TRUE
Turkish Turkcell Super Lig,Galatasaray,esa748l653sss1wurz5ps3228,TRUE
Turkish Turkcell Super Lig,Gazisehir Gaziantep,2agzb2h4ppg7lfz9hn7eg1rqo,FALSE
Turkish Turkcell Super Lig,Giresunspor,8mr4jglhwoc9fs6ws8mp96qqf,TRUE
Turkish Turkcell Super Lig,Hatayspor,efy1nhpn5l6hc27znhsptegba,TRUE
Turkish Turkcell Super Lig,Istanbul Basaksehir,47njg6cmlx5q3fvdsupd2n6qu,TRUE
Turkish Turkcell Super Lig,Istanbulspor,4rjsyxn0rlbjggofvvpbmk8pc,TRUE
Turkish Turkcell Super Lig,Kasimpasa,4idg23egrrvtrbgrg7p5x7bwf,TRUE
Turkish Turkcell Super Lig,Kayserispor,c8ns6z3u8kxldv1zh1evu10rv,TRUE
Turkish Turkcell Super Lig,Konyaspor,cw4lbdzlqqdvbkdkz00c9ye49,TRUE
Turkish Turkcell Super Lig,Sivasspor,f432akygffyamal3h6poig65t,TRUE
Turkish Turkcell Super Lig,Trabzonspor,2yab38jdfl0gk2tei1mq40o06,TRUE
Turkish Turkcell Super Lig,Umraniyespor,v0qx960sz1tq9mprlxrcnfl5,TRUE
UEFA Champions League,Dinamo Zagreb,7vyubxg6fnmwwyo2nnyhp6j5d,TRUE
UEFA Champions League,Maccabi Haifa,bglyqy0awtu6lzvpab390rir2,TRUE
UEFA Champions League,Viktoria Plzen,c6fx1460nlkawjgh67sp7a1hd,TRUE
UEFA Europa Conference League,Apollon Limassol,2qg4xmt2ucl2o5osmurwagw5g,FALSE
UEFA Europa Conference League,Ballkani,cuzhkg1y2iv7fppnjldenfk2y,TRUE
UEFA Europa Conference League,CFR 1907 Cluj,j9rqsuwsz35jx5drlh5f629w,FALSE
UEFA Europa Conference League,FK Partizan Belgrade,c0d1qca7kz0fi0ypx7aw4nusc,FALSE
UEFA Europa Conference League,Hapoel Be'er,9ppjmek1r3tb9yddebneaxj7i,FALSE
UEFA Europa Conference League,Lech Poznan,duvz7klp081jpg8fx5nze7ks7,TRUE
UEFA Europa Conference League,Pyunik Yerevan,6a568y7uc4jumukhqo96lb5du,FALSE
UEFA Europa Conference League,Rigas Futbola Skola,d592cup61qbgth2xkawbo7qp1,FALSE
UEFA Europa Conference League,SC Dnipro-1,b906tqcttb0x1tnbe0zobz8tm,FALSE
UEFA Europa Conference League,Shamrock Rovers,51xekmm31jztuvdliya7idg5d,TRUE
UEFA Europa Conference League,Slavia Prague,8kpapuorr6hf0vosnovbreqqd,FALSE
UEFA Europa Conference League,Slovan Bratislava,cmj1019uptq8i042n5y16itbd,TRUE
UEFA Europa Conference League,Slovácko,bp5x8iw8pstucx6s4iqht6xqf,TRUE
UEFA Europa Conference League,Steaua Bucuresti,1bgj5g7kgr54058unwjx90tii,FALSE
UEFA Europa Conference League,Zalgiris Vilnius,tqszs9t9rn0xzxxjuhr2ujob,FALSE
UEFA Europa League,AEK Larnaca,q4y48hs70h74p3waaxxjtdu5,TRUE
UEFA Europa League,Dynamo Kiev,7lgvcey3svf6k22vg5svdztmg,FALSE
UEFA Europa League,FC Sheriff Tiraspol,dcx559ojp4lgxwc9z9xxbzgre,FALSE
UEFA Europa League,FK Qarabag,dz0fc3304a30bzm9lht0bhpqt,FALSE
UEFA Europa League,Ferencvaros,b3o0wckz4w3fusytybpgxftgm,TRUE
UEFA Europa League,HJK Helsinki,303582z192rnbr2x28o2t7u38,FALSE
UEFA Europa League,Ludogorets,6uhzci0mwrzly1e4trka6k4ea,TRUE
UEFA Europa League,Omonia Nicosia,1pf6zmsueuc9tr64ql67gynqc,TRUE
UEFA Europa League,Red Star Belgrade,81lpho34qr3dad0xzalq0abja,FALSE
UEFA Europa League,Shakhtar Donetsk,cf8plcmeniaen0fc5emyb5j93,TRUE
United Soccer League,Arizona United,2iwybwokic7nmr1t33abdbjoq,FALSE
United Soccer League,Birmingham Legion FC,c9xffml4i7ihblp1qhus9w3fu,FALSE
United Soccer League,Charleston Battery,e3k8yw2rbmphyfu5htn4yi5jk,TRUE
United Soccer League,Colorado Springs Switchbacks FC,ak0rmms5xl49w57i2rvid1tk9,FALSE
United Soccer League,Detroit City FC,b1rpb2ox52uxcmjrsnqd95pk5,FALSE
United Soccer League,El Paso Locomotive FC,5h878vnmkbuy2ummddprusxgq,FALSE
United Soccer League,Hartford Athletic,2n3wgr89m7jl8tmioemit2pgq,TRUE
United Soccer League,Indy Eleven,8cpjplodpphtkbt0hq8sr8mqs,TRUE
United Soccer League,Las Vegas Lights FC,7c9knuwazz9k9449u5rnuuy5m,FALSE
United Soccer League,Loudoun United FC,5x54jbfk11lrsmipgsx7cdbai,FALSE
United Soccer League,Louisville City FC,83cpn99fh7ulkwe8nezy8a3mx,FALSE
United Soccer League,Memphis 901 FC,97qwp1m762ftf33iuydwtom0a,FALSE
United Soccer League,Miami FC,bu5w8wprynlj9mvphvy8sd94f,TRUE
United Soccer League,Monterey Bay,kfq8fhwnmycbtad1u0fyefx0,TRUE
United Soccer League,New Mexico United,bk3zg8yaj5uoqhxzwons3bo8a,TRUE
United Soccer League,Oakland Roots,b5l2e3csycjb8twvq9ek0j5gq,TRUE
United Soccer League,Orange County SC,cf5r1qpotp6n5i3vdchsp2en1,TRUE
United Soccer League,Pittsburgh Riverhounds,224tl8u2smnbyliroayk69nt0,TRUE
United Soccer League,Rio Grande Valley FC Toros,6xgplwvdubz72bfz2ih5diyjv,FALSE
United Soccer League,Sacramento Republic FC,7neuneh44n9rtsfsh6r0sb9no,FALSE
United Soccer League,San Antonio FC,87c66ubwpzykovmkaf1t46bis,FALSE
United Soccer League,San Diego Loyal SC,31em58uxag8i9r5c13jitf9ey,FALSE
United Soccer League,Tampa Bay Rowdies,5qfq6cwtrgzd2szijivns7rjl,TRUE
United Soccer League,Tulsa Roughnecks,aj8ytsr2ap33tod0hd8ofzaw9,FALSE
